{"cameraMode":{"drawMode":0,"name":"Shaded","section":"Shading Mode"},"sceneLighting":true,"audioPlay":false,"sceneViewState":{"showFog":false,"showMaterialUpdate":false,"showSkybox":false,"showFlares":false,"showImageEffects":false,"showParticleSystems":false},"in2DMode":false,"pivot":{"x":530.48876953125,"y":57.3115234375,"z":192.28228759765626},"rotation":{"x":0.35243433713912966,"y":-0.1199587807059288,"z":0.04560653120279312,"w":0.9270039200782776},"size":972.2569580078125,"orthographic":false}