{"cameraMode":{"drawMode":0,"name":"Shaded","section":"Shading Mode"},"sceneLighting":true,"audioPlay":false,"sceneViewState":{"showFog":false,"showMaterialUpdate":false,"showSkybox":false,"showFlares":false,"showImageEffects":false,"showParticleSystems":false},"in2DMode":false,"pivot":{"x":632.5661010742188,"y":248.9529266357422,"z":-7.2625732421875},"rotation":{"x":-0.01466816570609808,"y":0.05427829548716545,"z":0.0007967385463416576,"w":0.9984257817268372},"size":671.5863037109375,"orthographic":false}