{"cameraMode":{"drawMode":0,"name":"Shaded","section":"Shading Mode"},"sceneLighting":true,"audioPlay":false,"sceneViewState":{"showFog":false,"showMaterialUpdate":false,"showSkybox":false,"showFlares":false,"showImageEffects":false,"showParticleSystems":false},"in2DMode":false,"pivot":{"x":827.1820068359375,"y":2.060791015625,"z":160.908447265625},"rotation":{"x":0.35243433713912966,"y":-0.1199587807059288,"z":0.04560653120279312,"w":0.9270039200782776},"size":2220.325439453125,"orthographic":false}