{"cameraMode":{"drawMode":0,"name":"Shaded","section":"Shading Mode"},"sceneLighting":true,"audioPlay":false,"sceneViewState":{"showFog":false,"showMaterialUpdate":false,"showSkybox":false,"showFlares":false,"showImageEffects":false,"showParticleSystems":false},"in2DMode":false,"pivot":{"x":506.105712890625,"y":376.8031005859375,"z":-304.23980712890627},"rotation":{"x":0.1380518078804016,"y":0.3830350935459137,"z":-0.058011941611766818,"w":0.9115228056907654},"size":399.4053955078125,"orthographic":false}