{"cameraMode":{"drawMode":0,"name":"Shaded","section":"Shading Mode"},"sceneLighting":true,"audioPlay":false,"sceneViewState":{"showFog":false,"showMaterialUpdate":false,"showSkybox":false,"showFlares":false,"showImageEffects":false,"showParticleSystems":false},"in2DMode":false,"pivot":{"x":131.1505889892578,"y":183.78302001953126,"z":144.72738647460938},"rotation":{"x":0.35243433713912966,"y":-0.1199587807059288,"z":0.04560653120279312,"w":0.9270039200782776},"size":1262.850830078125,"orthographic":false}