{"cameraMode":{"drawMode":0,"name":"Shaded","section":"Shading Mode"},"sceneLighting":true,"audioPlay":false,"sceneViewState":{"showFog":false,"showMaterialUpdate":false,"showSkybox":false,"showFlares":false,"showImageEffects":false,"showParticleSystems":false},"in2DMode":false,"pivot":{"x":-0.3393009305000305,"y":-0.7395406365394592,"z":-5.445483207702637},"rotation":{"x":-0.0001301311858696863,"y":0.9963260889053345,"z":-0.08570486307144165,"w":-0.0015085723716765643},"size":6.786585330963135,"orthographic":false}