{"cameraMode":{"drawMode":0,"name":"Shaded","section":"Shading Mode"},"sceneLighting":true,"audioPlay":false,"sceneViewState":{"showFog":false,"showMaterialUpdate":false,"showSkybox":false,"showFlares":false,"showImageEffects":false,"showParticleSystems":false},"in2DMode":false,"pivot":{"x":12.427398681640625,"y":1.0052003860473633,"z":4.165556907653809},"rotation":{"x":0.35243433713912966,"y":-0.1199587807059288,"z":0.04560653120279312,"w":0.9270039200782776},"size":22.49506378173828,"orthographic":false}