{"cameraMode":{"drawMode":0,"name":"Shaded","section":"Shading Mode"},"sceneLighting":true,"audioPlay":false,"sceneViewState":{"showFog":false,"showMaterialUpdate":false,"showSkybox":false,"showFlares":false,"showImageEffects":false,"showParticleSystems":false},"in2DMode":false,"pivot":{"x":0.00010202080011367798,"y":0.04853122681379318,"z":-0.015130601823329926},"rotation":{"x":0.35243433713912966,"y":-0.1199587807059288,"z":0.04560653120279312,"w":0.9270039200782776},"size":0.4493665397167206,"orthographic":false}