{"cameraMode":{"drawMode":0,"name":"Shaded","section":"Shading Mode"},"sceneLighting":true,"audioPlay":false,"sceneViewState":{"showFog":true,"showMaterialUpdate":false,"showSkybox":true,"showFlares":true,"showImageEffects":true,"showParticleSystems":true},"in2DMode":false,"pivot":{"x":310.594482421875,"y":46.517791748046878,"z":-69.3309326171875},"rotation":{"x":-0.13689261674880982,"y":0.11768122762441635,"z":-0.016381146386265756,"w":-0.9834354519844055},"size":778.826416015625,"orthographic":false}