{"cameraMode":{"drawMode":0,"name":"Shaded","section":"Shading Mode"},"sceneLighting":true,"audioPlay":false,"sceneViewState":{"showFog":true,"showMaterialUpdate":false,"showSkybox":true,"showFlares":true,"showImageEffects":true,"showParticleSystems":true},"in2DMode":false,"pivot":{"x":133.5432586669922,"y":434.76739501953127,"z":-47.499267578125},"rotation":{"x":-0.13689261674880982,"y":0.11768122762441635,"z":-0.016381146386265756,"w":-0.9834354519844055},"size":401.3236389160156,"orthographic":false}