{"cameraMode":{"drawMode":0,"name":"Shaded","section":"Shading Mode"},"sceneLighting":true,"audioPlay":false,"sceneViewState":{"showFog":true,"showMaterialUpdate":false,"showSkybox":true,"showFlares":true,"showImageEffects":true,"showParticleSystems":true},"in2DMode":false,"pivot":{"x":435.59063720703127,"y":286.8101806640625,"z":-106.201416015625},"rotation":{"x":-0.13689261674880982,"y":0.11768122762441635,"z":-0.016381146386265756,"w":-0.9834354519844055},"size":676.9381713867188,"orthographic":false}