{"cameraMode":{"drawMode":0,"name":"Shaded","section":"Shading Mode"},"sceneLighting":true,"audioPlay":false,"sceneViewState":{"showFog":true,"showMaterialUpdate":false,"showSkybox":true,"showFlares":true,"showImageEffects":true,"showParticleSystems":true},"in2DMode":false,"pivot":{"x":189.655029296875,"y":314.7218933105469,"z":-17.966760635375978},"rotation":{"x":-0.13689261674880982,"y":0.11768122762441635,"z":-0.016381146386265756,"w":-0.9834354519844055},"size":425.3678283691406,"orthographic":false}