{"cameraMode":{"drawMode":0,"name":"Shaded","section":"Shading Mode"},"sceneLighting":false,"audioPlay":false,"sceneViewState":{"showFog":true,"showMaterialUpdate":false,"showSkybox":false,"showFlares":true,"showImageEffects":true,"showParticleSystems":true},"in2DMode":false,"pivot":{"x":-1.8528664112091065,"y":0.9922358989715576,"z":-0.16811782121658326},"rotation":{"x":-0.246641144156456,"y":0.026740368455648423,"z":-0.006808340083807707,"w":-0.9687148332595825},"size":4.992961883544922,"orthographic":false}