{"cameraMode":{"drawMode":0,"name":"Shaded","section":"Shading Mode"},"sceneLighting":true,"audioPlay":false,"sceneViewState":{"showFog":true,"showMaterialUpdate":false,"showSkybox":true,"showFlares":true,"showImageEffects":true,"showParticleSystems":true},"in2DMode":false,"pivot":{"x":527.822265625,"y":276.54449462890627,"z":1.8908779621124268},"rotation":{"x":-0.1244436502456665,"y":0.025891048833727838,"z":-0.003248414257541299,"w":-0.9918838143348694},"size":671.3324584960938,"orthographic":false}