{"cameraMode":{"drawMode":0,"name":"Shaded","section":"Shading Mode"},"sceneLighting":true,"audioPlay":false,"sceneViewState":{"showFog":true,"showMaterialUpdate":false,"showSkybox":true,"showFlares":true,"showImageEffects":true,"showParticleSystems":true},"in2DMode":false,"pivot":{"x":601.6943969726563,"y":185.936279296875,"z":134.62451171875},"rotation":{"x":-0.246641144156456,"y":0.026740368455648423,"z":-0.006808340083807707,"w":-0.9687148332595825},"size":929.9970703125,"orthographic":false}